{"values": [42.08100128173828, 42.09149932861328, 42.09170150756836, 42.22140121459961, 42.247798919677734, 42.46900177001953, 42.266300201416016, 42.28580093383789, 42.24369812011719, 42.256099700927734, 42.357200622558594, 42.3135986328125, 42.126399993896484, 42.18280029296875, 42.01070022583008, 42.14500045776367, 42.25, 42.400001525878906, 42.150001525878906, 42.20000076293945, 42.18579864501953, 42.25579833984375], "scaler": {"scale": 2.181969404220581, "min_": -91.66606140136719, "lookback": 5}}